Location,Year,PerCapitaTotalSpending,Doctors,LE
Spain,2010,3027,39.57,82
Angola,2010,168,0.8,51
Brazil,2010,1028,17.64,73
Switzerland,2010,5394,40.7,82
Bulgaria,2010,947,37.3,74
Burkina Faso,2010,93,0.64,55
Burundi,2010,47,0.3,53
Cambodia,2010,121,2.27,71
Cameroon,2010,122,1.9,54
Canada,2010,4404,19.8,81
Romania,2010,811,22.69,73
Central African Republic,2010,31,0.8,48
Chad,2010,62,0.4,50
Chile,2010,1199,10.26,79
China,2010,379,14.15,75
Colombia,2010,713,1.47,73
El Salvador,2010,450,15.96,72
Equatorial Guinea,2010,1545,3,52
Finland,2010,3281,29.05,80
France,2010,4021,34.47,82